# じゃらんエリアダッシュボード／予約状況／カレンダー 日別データ【遊び体験】,,,,,,,,,,,,,
# データソース: https://prod-apnortheast-a.online.tableau.com/#/site/jalanareadashboard/views/ver_2/sheet0,,,,,,,,,,,,,
# 比較年: 1年前（前年同月日との比較）,,,,,,,,,,,,,
# 取扱額の単位は万円、人数=遊び人数、単価=体験人単価（円）,,,,,,,,,,,,,
# 比較年実績/比較年予約 セルは「値 (前年比%)」の形式,,,,,,,,,,,,,
# 「※」は予約実績法人数1件以下または予約件数4件以下のため非公開,,,,,,,,,,,,,
# 空セルは予約・実績ともになかった日,,,,,,,,,,,,,
予約種別,年度,比較年,日付,曜日,取扱額,取扱額_比較年実績,取扱額_比較年予約,人数,人数_比較年実績,人数_比較年予約,単価,単価_比較年実績,単価_比較年予約
遊び体験,令和6年度,1年前,2024-04-01,,,※,※,,※,※,,※,※
遊び体験,令和6年度,1年前,2024-04-02,,,※,※,,※,※,,※,※
遊び体験,令和6年度,1年前,2024-04-03,,,,,,,,,,
遊び体験,令和6年度,1年前,2024-04-04,,,,,,,,,,
遊び体験,令和6年度,1年前,2024-04-05,,,※,※,,※,※,,※,※
遊び体験,令和6年度,1年前,2024-04-06,土,※,※,※,※,※,※,※,※,※
遊び体験,令和6年度,1年前,2024-04-07,日,※,※,※,※,※,※,※,※,※
遊び体験,令和6年度,1年前,2024-04-08,,,,,,,,,,
遊び体験,令和6年度,1年前,2024-04-09,,,,,,,,,,
遊び体験,令和6年度,1年前,2024-04-10,,,※,※,,※,※,,※,※
遊び体験,令和6年度,1年前,2024-04-11,木,※,,,,※,,,※,
遊び体験,令和6年度,1年前,2024-04-12,金,※,※,※,※,※,※,※,※,※
遊び体験,令和6年度,1年前,2024-04-13,土,1万円,※,※,7,※,※,"1,486",※,※
遊び体験,令和6年度,1年前,2024-04-14,日,※,※,※,※,※,※,※,※,※
遊び体験,令和6年度,1年前,2024-04-15,,,,,,,,,,
遊び体験,令和6年度,1年前,2024-04-16,火,※,,,,※,,,※,
遊び体験,令和6年度,1年前,2024-04-17,水,※,※,※,※,※,※,※,※,※
遊び体験,令和6年度,1年前,2024-04-18,,,,,,,,,,
遊び体験,令和6年度,1年前,2024-04-19,金,※,,,※,,,※,,
遊び体験,令和6年度,1年前,2024-04-20,土,※,※,※,※,※,※,※,※,※
遊び体験,令和6年度,1年前,2024-04-21,日,※,※,※,※,※,※,※,※,※
遊び体験,令和6年度,1年前,2024-04-22,月,※,,,※,,,※,,
遊び体験,令和6年度,1年前,2024-04-23,火,※,,,※,,,※,,
遊び体験,令和6年度,1年前,2024-04-24,水,※,,,※,,,※,,
遊び体験,令和6年度,1年前,2024-04-25,,,※,※,,※,※,,※,※
遊び体験,令和6年度,1年前,2024-04-26,金,※,,,※,,,※,,
遊び体験,令和6年度,1年前,2024-04-27,土,※,※,※,※,※,※,※,※,※
遊び体験,令和6年度,1年前,2024-04-28,日,1万円,※,※,9,※,※,"1,378",※,※
遊び体験,令和6年度,1年前,2024-04-29,月,1万円,2万円 (70.8%),2万円 (70.8%),9,9 (100.0%),9 (100.0%),"1,533","2,167 (70.8%)","2,167 (70.8%)"
遊び体験,令和6年度,1年前,2024-04-30,火,※,2万円,2万円,※,11,11,※,"1,745","1,745"
遊び体験,令和6年度,1年前,2024-05-01,水,※,※,※,※,※,※,※,※,※
遊び体験,令和6年度,1年前,2024-05-02,木,※,※,※,※,※,※,※,※,※
遊び体験,令和6年度,1年前,2024-05-03,金,2万円,5万円 (43.4%),5万円 (43.4%),13,26 (50.0%),26 (50.0%),"1,677","1,931 (86.9%)","1,931 (86.9%)"
遊び体験,令和6年度,1年前,2024-05-04,土,2万円,※,※,9,※,※,"1,711",※,※
遊び体験,令和6年度,1年前,2024-05-05,日,※,,,※,,,※,,
遊び体験,令和6年度,1年前,2024-05-06,月,※,,,※,,,※,,
遊び体験,令和6年度,1年前,2024-05-07,火,※,※,※,※,※,※,※,※,※
遊び体験,令和6年度,1年前,2024-05-08,水,※,※,※,※,※,※,※,※,※
遊び体験,令和6年度,1年前,2024-05-09,,,,,,,,,,
遊び体験,令和6年度,1年前,2024-05-10,,,,,,,,,,
遊び体験,令和6年度,1年前,2024-05-11,土,※,※,※,※,※,※,※,※,※
遊び体験,令和6年度,1年前,2024-05-12,日,※,※,※,※,※,※,※,※,※
遊び体験,令和6年度,1年前,2024-05-13,月,※,,,※,,,※,,
遊び体験,令和6年度,1年前,2024-05-14,,,,,,,,,,
遊び体験,令和6年度,1年前,2024-05-15,,,※,※,,※,※,,※,※
遊び体験,令和6年度,1年前,2024-05-16,木,※,,,※,,,※,,
遊び体験,令和6年度,1年前,2024-05-17,,,,,,,,,,
遊び体験,令和6年度,1年前,2024-05-18,土,※,※,※,※,※,※,※,※,※
遊び体験,令和6年度,1年前,2024-05-19,日,※,4万円,4万円,※,16,16,※,"2,450","2,450"
遊び体験,令和6年度,1年前,2024-05-20,,,,,,,,,,
遊び体験,令和6年度,1年前,2024-05-21,火,※,※,※,※,※,※,※,※,※
遊び体験,令和6年度,1年前,2024-05-22,,,,,,,,,,
遊び体験,令和6年度,1年前,2024-05-23,木,※,※,※,※,※,※,※,※,※
遊び体験,令和6年度,1年前,2024-05-24,金,※,,,※,,,※,,
遊び体験,令和6年度,1年前,2024-05-25,土,※,※,※,※,※,※,※,※,※
遊び体験,令和6年度,1年前,2024-05-26,日,2万円,※,※,14,※,※,"1,179",※,※
遊び体験,令和6年度,1年前,2024-05-27,,,※,※,,※,※,,※,※
遊び体験,令和6年度,1年前,2024-05-28,火,※,※,※,※,※,※,※,※,※
遊び体験,令和6年度,1年前,2024-05-29,,,,,,,,,,
遊び体験,令和6年度,1年前,2024-05-30,,,※,※,,※,※,,※,※
遊び体験,令和6年度,1年前,2024-05-31,金,※,,,※,,,※,,
遊び体験,令和6年度,1年前,2024-06-01,土,※,※,※,※,※,※,※,※,※
遊び体験,令和6年度,1年前,2024-06-02,日,※,※,※,※,※,※,※,※,※
遊び体験,令和6年度,1年前,2024-06-03,,,,,,,,,,
遊び体験,令和6年度,1年前,2024-06-04,,,※,※,,※,※,,※,※
遊び体験,令和6年度,1年前,2024-06-05,水,※,,,※,,,※,,
遊び体験,令和6年度,1年前,2024-06-06,,,,,,,,,,
遊び体験,令和6年度,1年前,2024-06-07,金,※,※,※,※,※,※,※,※,※
遊び体験,令和6年度,1年前,2024-06-08,土,8万円,※,※,53,※,※,"1,434",※,※
遊び体験,令和6年度,1年前,2024-06-09,日,8万円,※,※,52,※,※,"1,465",※,※
遊び体験,令和6年度,1年前,2024-06-10,月,※,※,※,※,※,※,※,※,※
遊び体験,令和6年度,1年前,2024-06-11,火,※,※,※,※,※,※,※,※,※
遊び体験,令和6年度,1年前,2024-06-12,水,3万円,※,※,21,※,※,"1,600",※,※
遊び体験,令和6年度,1年前,2024-06-13,木,※,,,※,,,※,,
遊び体験,令和6年度,1年前,2024-06-14,金,4万円,,,23,,,"1,665",,
遊び体験,令和6年度,1年前,2024-06-15,土,24万円,※,※,160,※,※,"1,528",※,※
遊び体験,令和6年度,1年前,2024-06-16,日,23万円,4万円 (565.9%),4万円 (565.9%),166,24 (691.7%),24 (691.7%),"1,415","1,729 (81.8%)","1,729 (81.8%)"
遊び体験,令和6年度,1年前,2024-06-17,月,※,,,※,,,※,,
遊び体験,令和6年度,1年前,2024-06-18,火,4万円,※,※,22,※,※,"1,664",※,※
遊び体験,令和6年度,1年前,2024-06-19,水,※,2万円,2万円,※,16,16,※,"1,444","1,444"
遊び体験,令和6年度,1年前,2024-06-20,木,5万円,3万円 (176.7%),3万円 (176.7%),33,18 (183.3%),18 (183.3%),"1,445","1,500 (96.4%)","1,500 (96.4%)"
遊び体験,令和6年度,1年前,2024-06-21,金,※,2万円,2万円,※,11,11,※,"1,645","1,645"
遊び体験,令和6年度,1年前,2024-06-22,土,43万円,12万円 (352.6%),12万円 (352.6%),285,76 (375.0%),76 (375.0%),"1,505","1,600 (94.0%)","1,600 (94.0%)"
遊び体験,令和6年度,1年前,2024-06-23,日,39万円,10万円 (398.4%),10万円 (398.4%),267,63 (423.8%),63 (423.8%),"1,471","1,565 (94.0%)","1,565 (94.0%)"
遊び体験,令和6年度,1年前,2024-06-24,月,7万円,,,49,,,"1,488",,
遊び体験,令和6年度,1年前,2024-06-25,火,4万円,※,※,26,※,※,"1,538",※,※
遊び体験,令和6年度,1年前,2024-06-26,水,7万円,※,※,44,※,※,"1,520",※,※
遊び体験,令和6年度,1年前,2024-06-27,木,2万円,※,※,14,※,※,"1,621",※,※
遊び体験,令和6年度,1年前,2024-06-28,金,※,※,※,※,※,※,※,※,※
遊び体験,令和6年度,1年前,2024-06-29,土,4万円,※,※,15,※,※,"2,363",※,※
遊び体験,令和6年度,1年前,2024-06-30,日,3万円,※,※,32,※,※,"1,019",※,※
遊び体験,令和6年度,1年前,2024-07-01,,,,,,,,,,
遊び体験,令和6年度,1年前,2024-07-02,,,,,,,,,,
遊び体験,令和6年度,1年前,2024-07-03,水,※,,,※,,,※,,
遊び体験,令和6年度,1年前,2024-07-04,,,,,,,,,,
遊び体験,令和6年度,1年前,2024-07-05,,,※,※,,※,※,,※,※
遊び体験,令和6年度,1年前,2024-07-06,土,※,2万円,2万円,※,10,10,※,"1,530","1,530"
遊び体験,令和6年度,1年前,2024-07-07,日,※,※,※,※,※,※,※,※,※
遊び体験,令和6年度,1年前,2024-07-08,,,※,※,,※,※,,※,※
遊び体験,令和6年度,1年前,2024-07-09,,,,,,,,,,
遊び体験,令和6年度,1年前,2024-07-10,,,※,※,,※,※,,※,※
遊び体験,令和6年度,1年前,2024-07-11,,,,,,,,,,
遊び体験,令和6年度,1年前,2024-07-12,,,,,,,,,,
遊び体験,令和6年度,1年前,2024-07-13,土,※,※,※,※,※,※,※,※,※
遊び体験,令和6年度,1年前,2024-07-14,日,3万円,※,※,21,※,※,"1,448",※,※
遊び体験,令和6年度,1年前,2024-07-15,月,※,※,※,※,※,※,※,※,※
遊び体験,令和6年度,1年前,2024-07-16,,,,,,,,,,
遊び体験,令和6年度,1年前,2024-07-17,,,,,,,,,,
遊び体験,令和6年度,1年前,2024-07-18,,,,,,,,,,
遊び体験,令和6年度,1年前,2024-07-19,金,※,※,※,※,※,※,※,※,※
遊び体験,令和6年度,1年前,2024-07-20,土,※,※,※,※,※,※,※,※,※
遊び体験,令和6年度,1年前,2024-07-21,,,※,※,,※,※,,※,※
遊び体験,令和6年度,1年前,2024-07-22,,,,,,,,,,
遊び体験,令和6年度,1年前,2024-07-23,,,※,※,,※,※,,※,※
遊び体験,令和6年度,1年前,2024-07-24,,,,,,,,,,
遊び体験,令和6年度,1年前,2024-07-25,木,※,※,※,※,※,※,※,※,※
遊び体験,令和6年度,1年前,2024-07-26,,,,,,,,,,
遊び体験,令和6年度,1年前,2024-07-27,土,※,※,※,※,※,※,※,※,※
遊び体験,令和6年度,1年前,2024-07-28,日,※,※,※,※,※,※,※,※,※
遊び体験,令和6年度,1年前,2024-07-29,月,※,※,※,※,※,※,※,※,※
遊び体験,令和6年度,1年前,2024-07-30,火,※,,,※,,,※,,
遊び体験,令和6年度,1年前,2024-07-31,,,※,※,,※,※,,※,※
遊び体験,令和6年度,1年前,2024-08-01,,,※,※,,※,※,,※,※
遊び体験,令和6年度,1年前,2024-08-02,金,※,※,※,※,※,※,※,※,※
遊び体験,令和6年度,1年前,2024-08-03,土,2万円,※,※,15,※,※,"1,520",※,※
遊び体験,令和6年度,1年前,2024-08-04,日,※,※,※,※,※,※,※,※,※
遊び体験,令和6年度,1年前,2024-08-05,,,※,※,,※,※,,※,※
遊び体験,令和6年度,1年前,2024-08-06,,,※,※,,※,※,,※,※
遊び体験,令和6年度,1年前,2024-08-07,,,※,※,,※,※,,※,※
遊び体験,令和6年度,1年前,2024-08-08,木,※,※,※,※,※,※,※,※,※
遊び体験,令和6年度,1年前,2024-08-09,,,※,※,,※,※,,※,※
遊び体験,令和6年度,1年前,2024-08-10,土,※,2万円,2万円,※,17,17,※,"1,406","1,406"
遊び体験,令和6年度,1年前,2024-08-11,日,※,※,※,※,※,※,※,※,※
遊び体験,令和6年度,1年前,2024-08-12,月,※,2万円,2万円,※,21,21,※,"1,171","1,171"
遊び体験,令和6年度,1年前,2024-08-13,火,※,2万円,2万円,※,19,19,※,986,986
遊び体験,令和6年度,1年前,2024-08-14,水,※,2万円,2万円,※,15,15,※,"1,007","1,007"
遊び体験,令和6年度,1年前,2024-08-15,木,※,※,※,※,※,※,※,※,※
遊び体験,令和6年度,1年前,2024-08-16,金,※,,,※,,,※,,
遊び体験,令和6年度,1年前,2024-08-17,,,,,,,,,,
遊び体験,令和6年度,1年前,2024-08-18,日,※,※,※,※,※,※,※,※,※
遊び体験,令和6年度,1年前,2024-08-19,,,※,※,,※,※,,※,※
遊び体験,令和6年度,1年前,2024-08-20,火,※,※,※,※,※,※,※,※,※
遊び体験,令和6年度,1年前,2024-08-21,,,,,,,,,,
遊び体験,令和6年度,1年前,2024-08-22,,,※,※,,※,※,,※,※
遊び体験,令和6年度,1年前,2024-08-23,,,※,※,,※,※,,※,※
遊び体験,令和6年度,1年前,2024-08-24,土,※,※,※,※,※,※,※,※,※
遊び体験,令和6年度,1年前,2024-08-25,日,※,※,※,※,※,※,※,※,※
遊び体験,令和6年度,1年前,2024-08-26,,,※,※,,※,※,,※,※
遊び体験,令和6年度,1年前,2024-08-27,,,,,,,,,,
遊び体験,令和6年度,1年前,2024-08-28,,,※,※,,※,※,,※,※
遊び体験,令和6年度,1年前,2024-08-29,木,※,※,※,※,※,※,※,※,※
遊び体験,令和6年度,1年前,2024-08-30,金,※,※,※,※,※,※,※,※,※
遊び体験,令和6年度,1年前,2024-08-31,,,1万円,1万円,,10,10,,"1,190","1,190"
遊び体験,令和6年度,1年前,2024-09-01,日,※,4万円,4万円,※,16,16,※,"2,288","2,288"
遊び体験,令和6年度,1年前,2024-09-02,月,※,※,※,※,※,※,※,※,※
遊び体験,令和6年度,1年前,2024-09-03,,,※,※,,※,※,,※,※
遊び体験,令和6年度,1年前,2024-09-04,水,※,,,※,,,※,,
遊び体験,令和6年度,1年前,2024-09-05,木,※,※,※,※,※,※,※,※,※
遊び体験,令和6年度,1年前,2024-09-06,金,※,※,※,※,※,※,※,※,※
遊び体験,令和6年度,1年前,2024-09-07,土,※,2万円,2万円,※,16,16,※,"1,175","1,175"
遊び体験,令和6年度,1年前,2024-09-08,日,※,3万円,3万円,※,27,27,※,"1,093","1,093"
遊び体験,令和6年度,1年前,2024-09-09,,,,,,,,,,
遊び体験,令和6年度,1年前,2024-09-10,火,※,※,※,※,※,※,※,※,※
遊び体験,令和6年度,1年前,2024-09-11,,,※,※,,※,※,,※,※
遊び体験,令和6年度,1年前,2024-09-12,木,※,,,※,,,※,,
遊び体験,令和6年度,1年前,2024-09-13,,,※,※,,※,※,,※,※
遊び体験,令和6年度,1年前,2024-09-14,土,2万円,7万円 (26.3%),7万円 (26.3%),13,34 (38.2%),34 (38.2%),"1,400","2,038 (68.7%)","2,038 (68.7%)"
遊び体験,令和6年度,1年前,2024-09-15,日,4万円,12万円 (37.4%),12万円 (37.4%),37,101 (36.6%),101 (36.6%),"1,181","1,155 (102.2%)","1,155 (102.2%)"
遊び体験,令和6年度,1年前,2024-09-16,月,3万円,3万円 (74.3%),3万円 (74.3%),25,26 (96.2%),26 (96.2%),"1,004","1,300 (77.2%)","1,300 (77.2%)"
遊び体験,令和6年度,1年前,2024-09-17,火,※,※,※,※,※,※,※,※,※
遊び体験,令和6年度,1年前,2024-09-18,水,※,※,※,※,※,※,※,※,※
遊び体験,令和6年度,1年前,2024-09-19,,,※,※,,※,※,,※,※
遊び体験,令和6年度,1年前,2024-09-20,,,※,※,,※,※,,※,※
遊び体験,令和6年度,1年前,2024-09-21,土,1万円,※,※,11,※,※,"1,318",※,※
遊び体験,令和6年度,1年前,2024-09-22,日,※,4万円,4万円,※,39,39,※,"1,131","1,131"
遊び体験,令和6年度,1年前,2024-09-23,月,3万円,※,※,19,※,※,"1,384",※,※
遊び体験,令和6年度,1年前,2024-09-24,,,,,,,,,,
遊び体験,令和6年度,1年前,2024-09-25,,,※,※,,※,※,,※,※
遊び体験,令和6年度,1年前,2024-09-26,木,※,※,※,※,※,※,※,※,※
遊び体験,令和6年度,1年前,2024-09-27,金,※,※,※,※,※,※,※,※,※
遊び体験,令和6年度,1年前,2024-09-28,土,※,1万円,1万円,※,11,11,※,"1,227","1,227"
遊び体験,令和6年度,1年前,2024-09-29,日,4万円,1万円 (272.4%),1万円 (272.4%),38,12 (316.7%),12 (316.7%),"1,039","1,208 (86.0%)","1,208 (86.0%)"
遊び体験,令和6年度,1年前,2024-09-30,月,※,※,※,※,※,※,※,※,※
遊び体験,令和6年度,1年前,2024-10-01,火,※,※,※,※,※,※,※,※,※
遊び体験,令和6年度,1年前,2024-10-02,,,,,,,,,,
遊び体験,令和6年度,1年前,2024-10-03,木,※,,,※,,,※,,
遊び体験,令和6年度,1年前,2024-10-04,金,※,※,※,※,※,※,※,※,※
遊び体験,令和6年度,1年前,2024-10-05,土,※,2万円,2万円,※,13,13,※,"1,446","1,446"
遊び体験,令和6年度,1年前,2024-10-06,日,※,3万円,3万円,※,28,28,※,"1,054","1,054"
遊び体験,令和6年度,1年前,2024-10-07,月,※,2万円,2万円,※,11,11,※,"1,673","1,673"
遊び体験,令和6年度,1年前,2024-10-08,,,※,※,,※,※,,※,※
遊び体験,令和6年度,1年前,2024-10-09,水,※,※,※,※,※,※,※,※,※
遊び体験,令和6年度,1年前,2024-10-10,木,※,※,※,※,※,※,※,※,※
遊び体験,令和6年度,1年前,2024-10-11,金,※,※,※,※,※,※,※,※,※
遊び体験,令和6年度,1年前,2024-10-12,土,4万円,1万円 (346.7%),1万円 (346.7%),14,12 (116.7%),12 (116.7%),"2,600",875 (297.1%),875 (297.1%)
遊び体験,令和6年度,1年前,2024-10-13,日,2万円,※,※,16,※,※,"1,425",※,※
遊び体験,令和6年度,1年前,2024-10-14,月,2万円,※,※,18,※,※,"1,050",※,※
遊び体験,令和6年度,1年前,2024-10-15,火,2万円,※,※,16,※,※,"1,200",※,※
遊び体験,令和6年度,1年前,2024-10-16,水,※,,,※,,,※,,
遊び体験,令和6年度,1年前,2024-10-17,木,※,※,※,※,※,※,※,※,※
遊び体験,令和6年度,1年前,2024-10-18,金,※,,,※,,,※,,
遊び体験,令和6年度,1年前,2024-10-19,土,※,1万円,1万円,※,13,13,※,"1,077","1,077"
遊び体験,令和6年度,1年前,2024-10-20,日,※,※,※,※,※,※,※,※,※
遊び体験,令和6年度,1年前,2024-10-21,,,※,※,,※,※,,※,※
遊び体験,令和6年度,1年前,2024-10-22,,,,,,,,,,
遊び体験,令和6年度,1年前,2024-10-23,水,※,※,※,※,※,※,※,※,※
遊び体験,令和6年度,1年前,2024-10-24,木,※,※,※,※,※,※,※,※,※
遊び体験,令和6年度,1年前,2024-10-25,,,※,※,,※,※,,※,※
遊び体験,令和6年度,1年前,2024-10-26,土,※,※,※,※,※,※,※,※,※
遊び体験,令和6年度,1年前,2024-10-27,日,※,※,※,※,※,※,※,※,※
遊び体験,令和6年度,1年前,2024-10-28,,,※,※,,※,※,,※,※
遊び体験,令和6年度,1年前,2024-10-29,,,,,,,,,,
遊び体験,令和6年度,1年前,2024-10-30,水,※,※,※,※,※,※,※,※,※
遊び体験,令和6年度,1年前,2024-10-31,,,,,,,,,,
遊び体験,令和6年度,1年前,2024-11-01,金,※,※,※,※,※,※,※,※,※
遊び体験,令和6年度,1年前,2024-11-02,土,※,※,※,※,※,※,※,※,※
遊び体験,令和6年度,1年前,2024-11-03,日,※,※,※,※,※,※,※,※,※
遊び体験,令和6年度,1年前,2024-11-04,月,※,,,※,,,※,,
遊び体験,令和6年度,1年前,2024-11-05,,,,,,,,,,
遊び体験,令和6年度,1年前,2024-11-06,水,※,,,※,,,※,,
遊び体験,令和6年度,1年前,2024-11-07,木,※,※,※,※,※,※,※,※,※
遊び体験,令和6年度,1年前,2024-11-08,,,,,,,,,,
遊び体験,令和6年度,1年前,2024-11-09,土,※,※,※,※,※,※,※,※,※
遊び体験,令和6年度,1年前,2024-11-10,,,2万円,2万円,,17,17,,"1,135","1,135"
遊び体験,令和6年度,1年前,2024-11-11,月,※,※,※,※,※,※,※,※,※
遊び体験,令和6年度,1年前,2024-11-12,,,,,,,,,,
遊び体験,令和6年度,1年前,2024-11-13,,,,,,,,,,
遊び体験,令和6年度,1年前,2024-11-14,,,,,,,,,,
遊び体験,令和6年度,1年前,2024-11-15,金,※,,,※,,,※,,
遊び体験,令和6年度,1年前,2024-11-16,土,※,※,※,※,※,※,※,※,※
遊び体験,令和6年度,1年前,2024-11-17,日,2万円,,,10,,,"1,780",,
遊び体験,令和6年度,1年前,2024-11-18,,,,,,,,,,
遊び体験,令和6年度,1年前,2024-11-19,火,※,,,※,,,※,,
遊び体験,令和6年度,1年前,2024-11-20,,,※,※,,※,※,,※,※
遊び体験,令和6年度,1年前,2024-11-21,木,1万円,※,※,8,※,※,"1,500",※,※
遊び体験,令和6年度,1年前,2024-11-22,金,※,※,※,※,※,※,※,※,※
遊び体験,令和6年度,1年前,2024-11-23,土,※,※,※,※,※,※,※,※,※
遊び体験,令和6年度,1年前,2024-11-24,日,※,※,※,※,※,※,※,※,※
遊び体験,令和6年度,1年前,2024-11-25,,,※,※,,※,※,,※,※
遊び体験,令和6年度,1年前,2024-11-26,,,※,※,,※,※,,※,※
遊び体験,令和6年度,1年前,2024-11-27,,,※,※,,※,※,,※,※
遊び体験,令和6年度,1年前,2024-11-28,木,※,※,※,※,※,※,※,※,※
遊び体験,令和6年度,1年前,2024-11-29,金,※,※,※,※,※,※,※,※,※
遊び体験,令和6年度,1年前,2024-11-30,土,※,,,※,,,※,,
遊び体験,令和6年度,1年前,2024-12-01,,,※,※,,※,※,,※,※
遊び体験,令和6年度,1年前,2024-12-02,,,,,,,,,,
遊び体験,令和6年度,1年前,2024-12-03,,,※,※,,※,※,,※,※
遊び体験,令和6年度,1年前,2024-12-04,,,,,,,,,,
遊び体験,令和6年度,1年前,2024-12-05,木,※,,,※,,,※,,
遊び体験,令和6年度,1年前,2024-12-06,金,※,,,※,,,※,,
遊び体験,令和6年度,1年前,2024-12-07,土,※,※,※,※,※,※,※,※,※
遊び体験,令和6年度,1年前,2024-12-08,日,※,,,※,,,※,,
遊び体験,令和6年度,1年前,2024-12-09,,,,,,,,,,
遊び体験,令和6年度,1年前,2024-12-10,,,,,,,,,,
遊び体験,令和6年度,1年前,2024-12-11,,,,,,,,,,
遊び体験,令和6年度,1年前,2024-12-12,,,※,※,,※,※,,※,※
遊び体験,令和6年度,1年前,2024-12-13,,,,,,,,,,
遊び体験,令和6年度,1年前,2024-12-14,,,※,※,,※,※,,※,※
遊び体験,令和6年度,1年前,2024-12-15,日,※,※,※,※,※,※,※,※,※
遊び体験,令和6年度,1年前,2024-12-16,月,※,,,※,,,※,,
遊び体験,令和6年度,1年前,2024-12-17,,,,,,,,,,
遊び体験,令和6年度,1年前,2024-12-18,,,,,,,,,,
遊び体験,令和6年度,1年前,2024-12-19,木,※,,,※,,,※,,
遊び体験,令和6年度,1年前,2024-12-20,,,,,,,,,,
遊び体験,令和6年度,1年前,2024-12-21,土,※,※,※,※,※,※,※,※,※
遊び体験,令和6年度,1年前,2024-12-22,,,※,※,,※,※,,※,※
遊び体験,令和6年度,1年前,2024-12-23,,,,,,,,,,
遊び体験,令和6年度,1年前,2024-12-24,,,,,,,,,,
遊び体験,令和6年度,1年前,2024-12-25,,,※,※,,※,※,,※,※
遊び体験,令和6年度,1年前,2024-12-26,木,※,,,※,,,※,,
遊び体験,令和6年度,1年前,2024-12-27,金,※,※,※,※,※,※,※,※,※
遊び体験,令和6年度,1年前,2024-12-28,土,※,※,※,※,※,※,※,※,※
遊び体験,令和6年度,1年前,2024-12-29,日,※,※,※,※,※,※,※,※,※
遊び体験,令和6年度,1年前,2024-12-30,,,,,,,,,,
遊び体験,令和6年度,1年前,2024-12-31,火,※,,,※,,,※,,
遊び体験,令和6年度,1年前,2025-01-01,,,※,※,,※,※,,※,※
遊び体験,令和6年度,1年前,2025-01-02,木,※,,,※,,,※,,
遊び体験,令和6年度,1年前,2025-01-03,金,※,,,※,,,※,,
遊び体験,令和6年度,1年前,2025-01-04,土,※,,,※,,,※,,
遊び体験,令和6年度,1年前,2025-01-05,日,※,,,※,,,※,,
遊び体験,令和6年度,1年前,2025-01-06,,,,,,,,,,
遊び体験,令和6年度,1年前,2025-01-07,,,,,,,,,,
遊び体験,令和6年度,1年前,2025-01-08,,,,,,,,,,
遊び体験,令和6年度,1年前,2025-01-09,,,,,,,,,,
遊び体験,令和6年度,1年前,2025-01-10,,,,,,,,,,
遊び体験,令和6年度,1年前,2025-01-11,土,※,※,※,※,※,※,※,※,※
遊び体験,令和6年度,1年前,2025-01-12,日,※,,,※,,,※,,
遊び体験,令和6年度,1年前,2025-01-13,,,,,,,,,,
遊び体験,令和6年度,1年前,2025-01-14,,,,,,,,,,
遊び体験,令和6年度,1年前,2025-01-15,,,,,,,,,,
遊び体験,令和6年度,1年前,2025-01-16,,,,,,,,,,
遊び体験,令和6年度,1年前,2025-01-17,金,※,,,※,,,※,,
遊び体験,令和6年度,1年前,2025-01-18,土,※,※,※,※,※,※,※,※,※
遊び体験,令和6年度,1年前,2025-01-19,,,,,,,,,,
遊び体験,令和6年度,1年前,2025-01-20,,,※,※,,※,※,,※,※
遊び体験,令和6年度,1年前,2025-01-21,,,,,,,,,,
遊び体験,令和6年度,1年前,2025-01-22,,,,,,,,,,
遊び体験,令和6年度,1年前,2025-01-23,,,,,,,,,,
遊び体験,令和6年度,1年前,2025-01-24,金,※,,,※,,,※,,
遊び体験,令和6年度,1年前,2025-01-25,土,※,※,※,※,※,※,※,※,※
遊び体験,令和6年度,1年前,2025-01-26,日,※,※,※,※,※,※,※,※,※
遊び体験,令和6年度,1年前,2025-01-27,月,※,※,※,※,※,※,※,※,※
遊び体験,令和6年度,1年前,2025-01-28,,,,,,,,,,
遊び体験,令和6年度,1年前,2025-01-29,,,※,※,,※,※,,※,※
遊び体験,令和6年度,1年前,2025-01-30,木,※,※,※,※,※,※,※,※,※
遊び体験,令和6年度,1年前,2025-01-31,,,,,,,,,,
遊び体験,令和6年度,1年前,2025-02-01,土,※,,,※,,,※,,
遊び体験,令和6年度,1年前,2025-02-02,日,※,※,※,※,※,※,※,※,※
遊び体験,令和6年度,1年前,2025-02-03,月,※,,,※,,,※,,
遊び体験,令和6年度,1年前,2025-02-04,,,※,※,,※,※,,※,※
遊び体験,令和6年度,1年前,2025-02-05,水,※,,,※,,,※,,
遊び体験,令和6年度,1年前,2025-02-06,,,,,,,,,,
遊び体験,令和6年度,1年前,2025-02-07,金,※,※,※,※,※,※,※,※,※
遊び体験,令和6年度,1年前,2025-02-08,土,※,,,※,,,※,,
遊び体験,令和6年度,1年前,2025-02-09,日,※,※,※,※,※,※,※,※,※
遊び体験,令和6年度,1年前,2025-02-10,,,※,※,,※,※,,※,※
遊び体験,令和6年度,1年前,2025-02-11,火,※,,,※,,,※,,
遊び体験,令和6年度,1年前,2025-02-12,,,,,,,,,,
遊び体験,令和6年度,1年前,2025-02-13,,,,,,,,,,
遊び体験,令和6年度,1年前,2025-02-14,金,※,,,※,,,※,,
遊び体験,令和6年度,1年前,2025-02-15,土,※,※,※,※,※,※,※,※,※
遊び体験,令和6年度,1年前,2025-02-16,日,※,※,※,※,※,※,※,※,※
遊び体験,令和6年度,1年前,2025-02-17,,,,,,,,,,
遊び体験,令和6年度,1年前,2025-02-18,火,※,,,※,,,※,,
遊び体験,令和6年度,1年前,2025-02-19,水,※,,,※,,,※,,
遊び体験,令和6年度,1年前,2025-02-20,,,※,※,,※,※,,※,※
遊び体験,令和6年度,1年前,2025-02-21,,,※,※,,※,※,,※,※
遊び体験,令和6年度,1年前,2025-02-22,,,※,※,,※,※,,※,※
遊び体験,令和6年度,1年前,2025-02-23,日,※,1万円,1万円,※,7,7,※,"1,286","1,286"
遊び体験,令和6年度,1年前,2025-02-24,月,※,※,※,※,※,※,※,※,※
遊び体験,令和6年度,1年前,2025-02-25,火,※,,,※,,,※,,
遊び体験,令和6年度,1年前,2025-02-26,水,※,,,※,,,※,,
遊び体験,令和6年度,1年前,2025-02-27,木,※,※,※,※,※,※,※,※,※
遊び体験,令和6年度,1年前,2025-02-28,金,※,,,※,,,※,,
遊び体験,令和6年度,1年前,2025-03-01,土,※,※,※,※,※,※,※,※,※
遊び体験,令和6年度,1年前,2025-03-02,日,※,※,※,※,※,※,※,※,※
遊び体験,令和6年度,1年前,2025-03-03,月,※,※,※,※,※,※,※,※,※
遊び体験,令和6年度,1年前,2025-03-04,,,,,,,,,,
遊び体験,令和6年度,1年前,2025-03-05,,,,,,,,,,
遊び体験,令和6年度,1年前,2025-03-06,,,,,,,,,,
遊び体験,令和6年度,1年前,2025-03-07,金,※,※,※,※,※,※,※,※,※
遊び体験,令和6年度,1年前,2025-03-08,土,※,※,※,※,※,※,※,※,※
遊び体験,令和6年度,1年前,2025-03-09,日,※,※,※,※,※,※,※,※,※
遊び体験,令和6年度,1年前,2025-03-10,月,※,※,※,※,※,※,※,※,※
遊び体験,令和6年度,1年前,2025-03-11,,,,,,,,,,
遊び体験,令和6年度,1年前,2025-03-12,水,※,※,※,※,※,※,※,※,※
遊び体験,令和6年度,1年前,2025-03-13,木,※,※,※,※,※,※,※,※,※
遊び体験,令和6年度,1年前,2025-03-14,金,※,,,※,,,※,,
遊び体験,令和6年度,1年前,2025-03-15,,,※,※,,※,※,,※,※
遊び体験,令和6年度,1年前,2025-03-16,,,,,,,,,,
遊び体験,令和6年度,1年前,2025-03-17,,,,,,,,,,
遊び体験,令和6年度,1年前,2025-03-18,火,※,,,※,,,※,,
遊び体験,令和6年度,1年前,2025-03-19,,,,,,,,,,
遊び体験,令和6年度,1年前,2025-03-20,木,※,※,※,※,※,※,※,※,※
遊び体験,令和6年度,1年前,2025-03-21,金,※,※,※,※,※,※,※,※,※
遊び体験,令和6年度,1年前,2025-03-22,土,※,※,※,※,※,※,※,※,※
遊び体験,令和6年度,1年前,2025-03-23,日,※,※,※,※,※,※,※,※,※
遊び体験,令和6年度,1年前,2025-03-24,,,,,,,,,,
遊び体験,令和6年度,1年前,2025-03-25,,,,,,,,,,
遊び体験,令和6年度,1年前,2025-03-26,水,※,※,※,※,※,※,※,※,※
遊び体験,令和6年度,1年前,2025-03-27,木,※,,,※,,,※,,
遊び体験,令和6年度,1年前,2025-03-28,金,※,※,※,※,※,※,※,※,※
遊び体験,令和6年度,1年前,2025-03-29,,,1万円,1万円,,10,10,,"1,150","1,150"
遊び体験,令和6年度,1年前,2025-03-30,,,※,※,,※,※,,※,※
遊び体験,令和6年度,1年前,2025-03-31,月,※,,,※,,,※,,
遊び体験,令和7年度,1年前,2025-04-01,,,,,,,,,,
遊び体験,令和7年度,1年前,2025-04-02,水,※,,,※,,,※,,
遊び体験,令和7年度,1年前,2025-04-03,,,,,,,,,,
遊び体験,令和7年度,1年前,2025-04-04,,,,,,,,,,
遊び体験,令和7年度,1年前,2025-04-05,土,※,※,※,※,※,※,※,※,※
遊び体験,令和7年度,1年前,2025-04-06,,,※,※,,※,※,,※,※
遊び体験,令和7年度,1年前,2025-04-07,,,,,,,,,,
遊び体験,令和7年度,1年前,2025-04-08,,,,,,,,,,
遊び体験,令和7年度,1年前,2025-04-09,,,,,,,,,,
遊び体験,令和7年度,1年前,2025-04-10,木,※,※,※,※,※,※,※,※,※
遊び体験,令和7年度,1年前,2025-04-11,金,※,※,※,※,※,※,※,※,※
遊び体験,令和7年度,1年前,2025-04-12,土,※,1万円,1万円,※,7,7,※,"1,486","1,486"
遊び体験,令和7年度,1年前,2025-04-13,日,※,※,※,※,※,※,※,※,※
遊び体験,令和7年度,1年前,2025-04-14,,,,,,,,,,
遊び体験,令和7年度,1年前,2025-04-15,火,※,※,※,※,※,※,※,※,※
遊び体験,令和7年度,1年前,2025-04-16,,,※,※,,※,※,,※,※
遊び体験,令和7年度,1年前,2025-04-17,木,※,,,※,,,※,,
遊び体験,令和7年度,1年前,2025-04-18,金,※,※,※,※,※,※,※,※,※
遊び体験,令和7年度,1年前,2025-04-19,土,※,※,※,※,※,※,※,※,※
遊び体験,令和7年度,1年前,2025-04-20,日,※,※,※,※,※,※,※,※,※
遊び体験,令和7年度,1年前,2025-04-21,月,※,※,※,※,※,※,※,※,※
遊び体験,令和7年度,1年前,2025-04-22,火,※,※,※,※,※,※,※,※,※
遊び体験,令和7年度,1年前,2025-04-23,水,※,※,※,※,※,※,※,※,※
遊び体験,令和7年度,1年前,2025-04-24,木,※,,,※,,,※,,
遊び体験,令和7年度,1年前,2025-04-25,金,※,※,※,※,※,※,※,※,※
遊び体験,令和7年度,1年前,2025-04-26,,,※,※,,※,※,,※,※
遊び体験,令和7年度,1年前,2025-04-27,日,※,1万円,1万円,※,9,9,※,"1,378","1,378"
遊び体験,令和7年度,1年前,2025-04-28,月,※,1万円,1万円,※,9,9,※,"1,533","1,533"
遊び体験,令和7年度,1年前,2025-04-29,火,※,※,※,※,※,※,※,※,※
遊び体験,令和7年度,1年前,2025-04-30,水,※,※,※,※,※,※,※,※,※
遊び体験,令和7年度,1年前,2025-05-01,木,※,※,※,※,※,※,※,※,※
遊び体験,令和7年度,1年前,2025-05-02,,,2万円,2万円,,13,13,,"1,677","1,677"
遊び体験,令和7年度,1年前,2025-05-03,土,1万円,2万円 (85.7%),2万円 (85.7%),8,9 (88.9%),9 (88.9%),"1,650","1,711 (96.4%)","1,711 (96.4%)"
遊び体験,令和7年度,1年前,2025-05-04,日,※,※,※,※,※,※,※,※,※
遊び体験,令和7年度,1年前,2025-05-05,月,※,※,※,※,※,※,※,※,※
遊び体験,令和7年度,1年前,2025-05-06,火,※,※,※,※,※,※,※,※,※
遊び体験,令和7年度,1年前,2025-05-07,,,※,※,,※,※,,※,※
遊び体験,令和7年度,1年前,2025-05-08,木,※,,,※,,,※,,
遊び体験,令和7年度,1年前,2025-05-09,,,,,,,,,,
遊び体験,令和7年度,1年前,2025-05-10,土,※,※,※,※,※,※,※,※,※
遊び体験,令和7年度,1年前,2025-05-11,日,※,※,※,※,※,※,※,※,※
遊び体験,令和7年度,1年前,2025-05-12,月,※,※,※,※,※,※,※,※,※
遊び体験,令和7年度,1年前,2025-05-13,火,※,,,※,,,※,,
遊び体験,令和7年度,1年前,2025-05-14,,,,,,,,,,
遊び体験,令和7年度,1年前,2025-05-15,木,※,※,※,※,※,※,※,※,※
遊び体験,令和7年度,1年前,2025-05-16,,,,,,,,,,
遊び体験,令和7年度,1年前,2025-05-17,土,2万円,※,※,10,※,※,"1,520",※,※
遊び体験,令和7年度,1年前,2025-05-18,,,※,※,,※,※,,※,※
遊び体験,令和7年度,1年前,2025-05-19,,,,,,,,,,
遊び体験,令和7年度,1年前,2025-05-20,,,※,※,,※,※,,※,※
遊び体験,令和7年度,1年前,2025-05-21,,,,,,,,,,
遊び体験,令和7年度,1年前,2025-05-22,木,※,※,※,※,※,※,※,※,※
遊び体験,令和7年度,1年前,2025-05-23,金,※,※,※,※,※,※,※,※,※
遊び体験,令和7年度,1年前,2025-05-24,土,※,※,※,※,※,※,※,※,※
遊び体験,令和7年度,1年前,2025-05-25,日,2万円,2万円 (97.0%),2万円 (97.0%),12,14 (85.7%),14 (85.7%),"1,333","1,179 (113.1%)","1,179 (113.1%)"
遊び体験,令和7年度,1年前,2025-05-26,,,,,,,,,,
遊び体験,令和7年度,1年前,2025-05-27,,,※,※,,※,※,,※,※
遊び体験,令和7年度,1年前,2025-05-28,,,,,,,,,,
遊び体験,令和7年度,1年前,2025-05-29,,,,,,,,,,
遊び体験,令和7年度,1年前,2025-05-30,金,※,※,※,※,※,※,※,※,※
遊び体験,令和7年度,1年前,2025-05-31,,,※,※,,※,※,,※,※
遊び体験,令和7年度,1年前,2025-06-01,日,※,※,※,※,※,※,※,※,※
遊び体験,令和7年度,1年前,2025-06-02,月,※,,,※,,,※,,
遊び体験,令和7年度,1年前,2025-06-03,,,,,,,,,,
遊び体験,令和7年度,1年前,2025-06-04,水,※,※,※,※,※,※,※,※,※
遊び体験,令和7年度,1年前,2025-06-05,,,,,,,,,,
遊び体験,令和7年度,1年前,2025-06-06,金,※,※,※,※,※,※,※,※,※
遊び体験,令和7年度,1年前,2025-06-07,土,※,8万円,8万円,※,53,53,※,"1,434","1,434"
遊び体験,令和7年度,1年前,2025-06-08,日,※,8万円,8万円,※,52,52,※,"1,465","1,465"
遊び体験,令和7年度,1年前,2025-06-09,月,※,※,※,※,※,※,※,※,※
遊び体験,令和7年度,1年前,2025-06-10,火,※,※,※,※,※,※,※,※,※
遊び体験,令和7年度,1年前,2025-06-11,水,※,3万円,3万円,※,21,21,※,"1,600","1,600"
遊び体験,令和7年度,1年前,2025-06-12,木,※,※,※,※,※,※,※,※,※
遊び体験,令和7年度,1年前,2025-06-13,,,4万円,4万円,,23,23,,"1,665","1,665"
遊び体験,令和7年度,1年前,2025-06-14,土,※,24万円,24万円,※,160,160,※,"1,528","1,528"
遊び体験,令和7年度,1年前,2025-06-15,日,2万円,23万円 (9.0%),23万円 (9.0%),14,166 (8.4%),166 (8.4%),"1,514","1,415 (107.0%)","1,415 (107.0%)"
遊び体験,令和7年度,1年前,2025-06-16,月,※,※,※,※,※,※,※,※,※
遊び体験,令和7年度,1年前,2025-06-17,火,※,4万円,4万円,※,22,22,※,"1,664","1,664"
遊び体験,令和7年度,1年前,2025-06-18,,,※,※,,※,※,,※,※
遊び体験,令和7年度,1年前,2025-06-19,,,5万円,5万円,,33,33,,"1,445","1,445"
遊び体験,令和7年度,1年前,2025-06-20,金,2万円,※,※,14,※,※,"1,657",※,※
遊び体験,令和7年度,1年前,2025-06-21,土,14万円,43万円 (33.3%),43万円 (33.3%),91,285 (31.9%),285 (31.9%),"1,571","1,505 (104.4%)","1,505 (104.4%)"
遊び体験,令和7年度,1年前,2025-06-22,日,10万円,39万円 (26.0%),39万円 (26.0%),68,267 (25.5%),267 (25.5%),"1,500","1,471 (102.0%)","1,471 (102.0%)"
遊び体験,令和7年度,1年前,2025-06-23,月,※,7万円,7万円,※,49,49,※,"1,488","1,488"
遊び体験,令和7年度,1年前,2025-06-24,火,※,4万円,4万円,※,26,26,※,"1,538","1,538"
遊び体験,令和7年度,1年前,2025-06-25,水,※,7万円,7万円,※,44,44,※,"1,520","1,520"
遊び体験,令和7年度,1年前,2025-06-26,木,※,2万円,2万円,※,14,14,※,"1,621","1,621"
遊び体験,令和7年度,1年前,2025-06-27,金,※,※,※,※,※,※,※,※,※
遊び体験,令和7年度,1年前,2025-06-28,土,※,4万円,4万円,※,15,15,※,"2,363","2,363"
遊び体験,令和7年度,1年前,2025-06-29,日,※,3万円,3万円,※,32,32,※,"1,019","1,019"
遊び体験,令和7年度,1年前,2025-06-30,月,※,,,※,,,※,,
遊び体験,令和7年度,1年前,2025-07-01,火,※,,,※,,,※,,
遊び体験,令和7年度,1年前,2025-07-02,,,※,※,,※,※,,※,※
遊び体験,令和7年度,1年前,2025-07-03,,,,,,,,,,
遊び体験,令和7年度,1年前,2025-07-04,金,※,,,※,,,※,,
遊び体験,令和7年度,1年前,2025-07-05,土,※,※,※,※,※,※,※,※,※
遊び体験,令和7年度,1年前,2025-07-06,日,※,※,※,※,※,※,※,※,※
遊び体験,令和7年度,1年前,2025-07-07,,,,,,,,,,
遊び体験,令和7年度,1年前,2025-07-08,,,,,,,,,,
遊び体験,令和7年度,1年前,2025-07-09,,,,,,,,,,
遊び体験,令和7年度,1年前,2025-07-10,,,,,,,,,,
遊び体験,令和7年度,1年前,2025-07-11,金,※,,,※,,,※,,
遊び体験,令和7年度,1年前,2025-07-12,土,※,※,※,※,※,※,※,※,※
遊び体験,令和7年度,1年前,2025-07-13,日,※,3万円,3万円,※,21,21,※,"1,448","1,448"
遊び体験,令和7年度,1年前,2025-07-14,,,※,※,,※,※,,※,※
遊び体験,令和7年度,1年前,2025-07-15,火,※,,,※,,,※,,
遊び体験,令和7年度,1年前,2025-07-16,水,※,,,※,,,※,,
遊び体験,令和7年度,1年前,2025-07-17,,,,,,,,,,
遊び体験,令和7年度,1年前,2025-07-18,,,※,※,,※,※,,※,※
遊び体験,令和7年度,1年前,2025-07-19,土,※,※,※,※,※,※,※,※,※
遊び体験,令和7年度,1年前,2025-07-20,日,※,,,※,,,※,,
遊び体験,令和7年度,1年前,2025-07-21,月,※,,,※,,,※,,
遊び体験,令和7年度,1年前,2025-07-22,,,,,,,,,,
遊び体験,令和7年度,1年前,2025-07-23,,,,,,,,,,
遊び体験,令和7年度,1年前,2025-07-24,,,※,※,,※,※,,※,※
遊び体験,令和7年度,1年前,2025-07-25,金,※,,,※,,,※,,
遊び体験,令和7年度,1年前,2025-07-26,,,※,※,,※,※,,※,※
遊び体験,令和7年度,1年前,2025-07-27,日,※,※,※,※,※,※,※,※,※
遊び体験,令和7年度,1年前,2025-07-28,,,※,※,,※,※,,※,※
遊び体験,令和7年度,1年前,2025-07-29,,,※,※,,※,※,,※,※
遊び体験,令和7年度,1年前,2025-07-30,水,※,,,※,,,※,,
遊び体験,令和7年度,1年前,2025-07-31,木,※,,,※,,,※,,
遊び体験,令和7年度,1年前,2025-08-01,,,※,※,,※,※,,※,※
遊び体験,令和7年度,1年前,2025-08-02,土,※,2万円,2万円,※,15,15,※,"1,520","1,520"
遊び体験,令和7年度,1年前,2025-08-03,日,※,※,※,※,※,※,※,※,※
遊び体験,令和7年度,1年前,2025-08-04,月,※,,,※,,,※,,
遊び体験,令和7年度,1年前,2025-08-05,,,,,,,,,,
遊び体験,令和7年度,1年前,2025-08-06,,,,,,,,,,
遊び体験,令和7年度,1年前,2025-08-07,,,※,※,,※,※,,※,※
遊び体験,令和7年度,1年前,2025-08-08,,,,,,,,,,
遊び体験,令和7年度,1年前,2025-08-09,,,※,※,,※,※,,※,※
遊び体験,令和7年度,1年前,2025-08-10,日,※,※,※,※,※,※,※,※,※
遊び体験,令和7年度,1年前,2025-08-11,月,※,※,※,※,※,※,※,※,※
遊び体験,令和7年度,1年前,2025-08-12,火,※,※,※,※,※,※,※,※,※
遊び体験,令和7年度,1年前,2025-08-13,水,※,※,※,※,※,※,※,※,※
遊び体験,令和7年度,1年前,2025-08-14,木,※,※,※,※,※,※,※,※,※
遊び体験,令和7年度,1年前,2025-08-15,金,※,※,※,※,※,※,※,※,※
遊び体験,令和7年度,1年前,2025-08-16,土,3万円,,,15,,,"1,810",,
遊び体験,令和7年度,1年前,2025-08-17,日,※,※,※,※,※,※,※,※,※
遊び体験,令和7年度,1年前,2025-08-18,月,※,,,※,,,※,,
遊び体験,令和7年度,1年前,2025-08-19,,,※,※,,※,※,,※,※
遊び体験,令和7年度,1年前,2025-08-20,,,,,,,,,,
遊び体験,令和7年度,1年前,2025-08-21,,,,,,,,,,
遊び体験,令和7年度,1年前,2025-08-22,,,,,,,,,,
遊び体験,令和7年度,1年前,2025-08-23,土,※,※,※,※,※,※,※,※,※
遊び体験,令和7年度,1年前,2025-08-24,日,※,※,※,※,※,※,※,※,※
遊び体験,令和7年度,1年前,2025-08-25,月,※,,,※,,,※,,
遊び体験,令和7年度,1年前,2025-08-26,,,,,,,,,,
遊び体験,令和7年度,1年前,2025-08-27,,,,,,,,,,
遊び体験,令和7年度,1年前,2025-08-28,木,※,※,※,※,※,※,※,※,※
遊び体験,令和7年度,1年前,2025-08-29,,,※,※,,※,※,,※,※
遊び体験,令和7年度,1年前,2025-08-30,土,※,,,※,,,※,,
遊び体験,令和7年度,1年前,2025-08-31,,,※,※,,※,※,,※,※
遊び体験,令和7年度,1年前,2025-09-01,,,※,※,,※,※,,※,※
遊び体験,令和7年度,1年前,2025-09-02,火,※,,,※,,,※,,
遊び体験,令和7年度,1年前,2025-09-03,,,※,※,,※,※,,※,※
遊び体験,令和7年度,1年前,2025-09-04,,,※,※,,※,※,,※,※
遊び体験,令和7年度,1年前,2025-09-05,,,※,※,,※,※,,※,※
遊び体験,令和7年度,1年前,2025-09-06,土,※,※,※,※,※,※,※,※,※
遊び体験,令和7年度,1年前,2025-09-07,日,※,※,※,※,※,※,※,※,※
遊び体験,令和7年度,1年前,2025-09-08,,,,,,,,,,
遊び体験,令和7年度,1年前,2025-09-09,,,※,※,,※,※,,※,※
遊び体験,令和7年度,1年前,2025-09-10,,,,,,,,,,
遊び体験,令和7年度,1年前,2025-09-11,,,※,※,,※,※,,※,※
遊び体験,令和7年度,1年前,2025-09-12,,,,,,,,,,
遊び体験,令和7年度,1年前,2025-09-13,土,※,2万円,2万円,※,13,13,※,"1,400","1,400"
遊び体験,令和7年度,1年前,2025-09-14,日,3万円,4万円 (76.2%),4万円 (76.2%),23,37 (62.2%),37 (62.2%),"1,448","1,181 (122.6%)","1,181 (122.6%)"
遊び体験,令和7年度,1年前,2025-09-15,月,※,3万円,3万円,※,25,25,※,"1,004","1,004"
遊び体験,令和7年度,1年前,2025-09-16,火,※,※,※,※,※,※,※,※,※
遊び体験,令和7年度,1年前,2025-09-17,水,※,※,※,※,※,※,※,※,※
遊び体験,令和7年度,1年前,2025-09-18,木,※,,,※,,,※,,
遊び体験,令和7年度,1年前,2025-09-19,金,※,,,※,,,※,,
遊び体験,令和7年度,1年前,2025-09-20,土,※,1万円,1万円,※,11,11,※,"1,318","1,318"
遊び体験,令和7年度,1年前,2025-09-21,日,※,※,※,※,※,※,※,※,※
遊び体験,令和7年度,1年前,2025-09-22,月,※,3万円,3万円,※,19,19,※,"1,384","1,384"
遊び体験,令和7年度,1年前,2025-09-23,火,2万円,,,11,,,"1,609",,
遊び体験,令和7年度,1年前,2025-09-24,水,※,,,※,,,※,,
遊び体験,令和7年度,1年前,2025-09-25,木,※,※,※,※,※,※,※,※,※
遊び体験,令和7年度,1年前,2025-09-26,,,※,※,,※,※,,※,※
遊び体験,令和7年度,1年前,2025-09-27,土,※,※,※,※,※,※,※,※,※
遊び体験,令和7年度,1年前,2025-09-28,日,※,4万円,4万円,※,38,38,※,"1,039","1,039"
遊び体験,令和7年度,1年前,2025-09-29,月,※,※,※,※,※,※,※,※,※
遊び体験,令和7年度,1年前,2025-09-30,火,※,※,※,※,※,※,※,※,※
遊び体験,令和7年度,1年前,2025-10-01,水,※,,,※,,,※,,
遊び体験,令和7年度,1年前,2025-10-02,木,※,※,※,※,※,※,※,※,※
遊び体験,令和7年度,1年前,2025-10-03,,,※,※,,※,※,,※,※
遊び体験,令和7年度,1年前,2025-10-04,土,※,※,※,※,※,※,※,※,※
遊び体験,令和7年度,1年前,2025-10-05,日,※,※,※,※,※,※,※,※,※
遊び体験,令和7年度,1年前,2025-10-06,,,※,※,,※,※,,※,※
遊び体験,令和7年度,1年前,2025-10-07,,,,,,,,,,
遊び体験,令和7年度,1年前,2025-10-08,水,※,※,※,※,※,※,※,※,※
遊び体験,令和7年度,1年前,2025-10-09,木,※,※,※,※,※,※,※,※,※
遊び体験,令和7年度,1年前,2025-10-10,金,※,※,※,※,※,※,※,※,※
遊び体験,令和7年度,1年前,2025-10-11,土,※,4万円,4万円,※,14,14,※,"2,600","2,600"
遊び体験,令和7年度,1年前,2025-10-12,日,2万円,2万円 (97.8%),2万円 (97.8%),18,16 (112.5%),16 (112.5%),"1,239","1,425 (86.9%)","1,425 (86.9%)"
遊び体験,令和7年度,1年前,2025-10-13,月,※,2万円,2万円,※,18,18,※,"1,050","1,050"
遊び体験,令和7年度,1年前,2025-10-14,火,※,2万円,2万円,※,16,16,※,"1,200","1,200"
遊び体験,令和7年度,1年前,2025-10-15,,,※,※,,※,※,,※,※
遊び体験,令和7年度,1年前,2025-10-16,,,※,※,,※,※,,※,※
遊び体験,令和7年度,1年前,2025-10-17,,,※,※,,※,※,,※,※
遊び体験,令和7年度,1年前,2025-10-18,,,※,※,,※,※,,※,※
遊び体験,令和7年度,1年前,2025-10-19,日,※,※,※,※,※,※,※,※,※
遊び体験,令和7年度,1年前,2025-10-20,,,,,,,,,,
遊び体験,令和7年度,1年前,2025-10-21,,,,,,,,,,
遊び体験,令和7年度,1年前,2025-10-22,水,※,※,※,※,※,※,※,※,※
遊び体験,令和7年度,1年前,2025-10-23,木,※,※,※,※,※,※,※,※,※
遊び体験,令和7年度,1年前,2025-10-24,金,※,,,※,,,※,,
遊び体験,令和7年度,1年前,2025-10-25,土,2万円,,,14,,,"1,271",,
遊び体験,令和7年度,1年前,2025-10-26,日,※,※,※,※,※,※,※,※,※
遊び体験,令和7年度,1年前,2025-10-27,月,※,,,※,,,※,,
遊び体験,令和7年度,1年前,2025-10-28,,,,,,,,,,
遊び体験,令和7年度,1年前,2025-10-29,,,※,※,,※,※,,※,※
遊び体験,令和7年度,1年前,2025-10-30,木,※,※,※,※,※,※,※,※,※
遊び体験,令和7年度,1年前,2025-10-31,,,※,※,,※,※,,※,※
遊び体験,令和7年度,1年前,2025-11-01,土,※,※,※,※,※,※,※,※,※
遊び体験,令和7年度,1年前,2025-11-02,日,※,※,※,※,※,※,※,※,※
遊び体験,令和7年度,1年前,2025-11-03,月,※,※,※,※,※,※,※,※,※
遊び体験,令和7年度,1年前,2025-11-04,,,,,,,,,,
遊び体験,令和7年度,1年前,2025-11-05,水,※,※,※,※,※,※,※,※,※
遊び体験,令和7年度,1年前,2025-11-06,木,※,※,※,※,※,※,※,※,※
遊び体験,令和7年度,1年前,2025-11-07,金,※,,,※,,,※,,
遊び体験,令和7年度,1年前,2025-11-08,,,※,※,,※,※,,※,※
遊び体験,令和7年度,1年前,2025-11-09,日,※,,,※,,,※,,
遊び体験,令和7年度,1年前,2025-11-10,月,※,※,※,※,※,※,※,※,※
遊び体験,令和7年度,1年前,2025-11-11,,,,,,,,,,
遊び体験,令和7年度,1年前,2025-11-12,,,,,,,,,,
遊び体験,令和7年度,1年前,2025-11-13,木,※,,,※,,,※,,
遊び体験,令和7年度,1年前,2025-11-14,金,※,※,※,※,※,※,※,※,※
遊び体験,令和7年度,1年前,2025-11-15,土,※,※,※,※,※,※,※,※,※
遊び体験,令和7年度,1年前,2025-11-16,日,※,2万円,2万円,※,10,10,※,"1,780","1,780"
遊び体験,令和7年度,1年前,2025-11-17,月,※,,,※,,,※,,
遊び体験,令和7年度,1年前,2025-11-18,,,※,※,,※,※,,※,※
遊び体験,令和7年度,1年前,2025-11-19,,,,,,,,,,
遊び体験,令和7年度,1年前,2025-11-20,,,1万円,1万円,,8,8,,"1,500","1,500"
遊び体験,令和7年度,1年前,2025-11-21,,,※,※,,※,※,,※,※
遊び体験,令和7年度,1年前,2025-11-22,,,※,※,,※,※,,※,※
遊び体験,令和7年度,1年前,2025-11-23,日,2万円,,,11,,,"1,818",,
遊び体験,令和7年度,1年前,2025-11-24,月,※,,,※,,,※,,
遊び体験,令和7年度,1年前,2025-11-25,,,,,,,,,,
遊び体験,令和7年度,1年前,2025-11-26,,,,,,,,,,
遊び体験,令和7年度,1年前,2025-11-27,,,※,※,,※,※,,※,※
遊び体験,令和7年度,1年前,2025-11-28,金,※,※,※,※,※,※,※,※,※
遊び体験,令和7年度,1年前,2025-11-29,,,※,※,,※,※,,※,※
遊び体験,令和7年度,1年前,2025-11-30,日,※,,,※,,,※,,
遊び体験,令和7年度,1年前,2025-12-01,,,,,,,,,,
遊び体験,令和7年度,1年前,2025-12-02,,,,,,,,,,
遊び体験,令和7年度,1年前,2025-12-03,,,,,,,,,,
遊び体験,令和7年度,1年前,2025-12-04,,,※,※,,※,※,,※,※
遊び体験,令和7年度,1年前,2025-12-05,金,※,,,※,,,※,,
遊び体験,令和7年度,1年前,2025-12-06,土,※,※,※,※,※,※,※,※,※
遊び体験,令和7年度,1年前,2025-12-07,日,※,,,※,,,※,,
遊び体験,令和7年度,1年前,2025-12-08,,,,,,,,,,
遊び体験,令和7年度,1年前,2025-12-09,,,,,,,,,,
遊び体験,令和7年度,1年前,2025-12-10,,,,,,,,,,
遊び体験,令和7年度,1年前,2025-12-11,,,,,,,,,,
遊び体験,令和7年度,1年前,2025-12-12,金,※,,,※,,,※,,
遊び体験,令和7年度,1年前,2025-12-13,,,,,,,,,,
遊び体験,令和7年度,1年前,2025-12-14,日,※,※,※,※,※,※,※,※,※
遊び体験,令和7年度,1年前,2025-12-15,,,※,※,,※,※,,※,※
遊び体験,令和7年度,1年前,2025-12-16,,,,,,,,,,
遊び体験,令和7年度,1年前,2025-12-17,,,,,,,,,,
遊び体験,令和7年度,1年前,2025-12-18,,,※,※,,※,※,,※,※
遊び体験,令和7年度,1年前,2025-12-19,,,,,,,,,,
遊び体験,令和7年度,1年前,2025-12-20,土,※,※,※,※,※,※,※,※,※
遊び体験,令和7年度,1年前,2025-12-21,日,※,,,※,,,※,,
遊び体験,令和7年度,1年前,2025-12-22,,,,,,,,,,
遊び体験,令和7年度,1年前,2025-12-23,火,※,,,※,,,※,,
遊び体験,令和7年度,1年前,2025-12-24,,,,,,,,,,
遊び体験,令和7年度,1年前,2025-12-25,木,※,※,※,※,※,※,※,※,※
遊び体験,令和7年度,1年前,2025-12-26,,,※,※,,※,※,,※,※
遊び体験,令和7年度,1年前,2025-12-27,土,※,※,※,※,※,※,※,※,※
遊び体験,令和7年度,1年前,2025-12-28,,,※,※,,※,※,,※,※
遊び体験,令和7年度,1年前,2025-12-29,月,※,,,※,,,※,,
遊び体験,令和7年度,1年前,2025-12-30,火,※,※,※,※,※,※,※,※,※
遊び体験,令和7年度,1年前,2025-12-31,水,※,,,※,,,※,,
遊び体験,令和7年度,1年前,2026-01-01,木,※,※,※,※,※,※,※,※,※
遊び体験,令和7年度,1年前,2026-01-02,,,※,※,,※,※,,※,※
遊び体験,令和7年度,1年前,2026-01-03,土,※,※,※,※,※,※,※,※,※
遊び体験,令和7年度,1年前,2026-01-04,,,※,※,,※,※,,※,※
遊び体験,令和7年度,1年前,2026-01-05,,,,,,,,,,
遊び体験,令和7年度,1年前,2026-01-06,,,,,,,,,,
遊び体験,令和7年度,1年前,2026-01-07,水,※,,,※,,,※,,
遊び体験,令和7年度,1年前,2026-01-08,,,,,,,,,,
遊び体験,令和7年度,1年前,2026-01-09,,,,,,,,,,
遊び体験,令和7年度,1年前,2026-01-10,,,※,※,,※,※,,※,※
遊び体験,令和7年度,1年前,2026-01-11,日,※,※,※,※,※,※,※,※,※
遊び体験,令和7年度,1年前,2026-01-12,,,,,,,,,,
遊び体験,令和7年度,1年前,2026-01-13,,,,,,,,,,
遊び体験,令和7年度,1年前,2026-01-14,,,,,,,,,,
遊び体験,令和7年度,1年前,2026-01-15,,,,,,,,,,
遊び体験,令和7年度,1年前,2026-01-16,,,※,※,,※,※,,※,※
遊び体験,令和7年度,1年前,2026-01-17,土,※,※,※,※,※,※,※,※,※
遊び体験,令和7年度,1年前,2026-01-18,,,,,,,,,,
遊び体験,令和7年度,1年前,2026-01-19,,,,,,,,,,
遊び体験,令和7年度,1年前,2026-01-20,,,,,,,,,,
遊び体験,令和7年度,1年前,2026-01-21,,,,,,,,,,
遊び体験,令和7年度,1年前,2026-01-22,,,,,,,,,,
遊び体験,令和7年度,1年前,2026-01-23,,,※,※,,※,※,,※,※
遊び体験,令和7年度,1年前,2026-01-24,土,※,※,※,※,※,※,※,※,※
遊び体験,令和7年度,1年前,2026-01-25,,,※,※,,※,※,,※,※
遊び体験,令和7年度,1年前,2026-01-26,,,※,※,,※,※,,※,※
遊び体験,令和7年度,1年前,2026-01-27,,,,,,,,,,
遊び体験,令和7年度,1年前,2026-01-28,,,,,,,,,,
遊び体験,令和7年度,1年前,2026-01-29,木,※,※,※,※,※,※,※,※,※
遊び体験,令和7年度,1年前,2026-01-30,金,※,,,※,,,※,,
遊び体験,令和7年度,1年前,2026-01-31,土,※,※,※,※,※,※,※,※,※
遊び体験,令和7年度,1年前,2026-02-01,日,※,※,※,※,※,※,※,※,※
遊び体験,令和7年度,1年前,2026-02-02,月,※,※,※,※,※,※,※,※,※
遊び体験,令和7年度,1年前,2026-02-03,,,,,,,,,,
遊び体験,令和7年度,1年前,2026-02-04,,,※,※,,※,※,,※,※
遊び体験,令和7年度,1年前,2026-02-05,,,,,,,,,,
遊び体験,令和7年度,1年前,2026-02-06,金,※,※,※,※,※,※,※,※,※
遊び体験,令和7年度,1年前,2026-02-07,土,※,※,※,※,※,※,※,※,※
遊び体験,令和7年度,1年前,2026-02-08,,,※,※,,※,※,,※,※
遊び体験,令和7年度,1年前,2026-02-09,,,,,,,,,,
遊び体験,令和7年度,1年前,2026-02-10,,,※,※,,※,※,,※,※
遊び体験,令和7年度,1年前,2026-02-11,水,※,,,※,,,※,,
遊び体験,令和7年度,1年前,2026-02-12,木,※,,,※,,,※,,
遊び体験,令和7年度,1年前,2026-02-13,金,※,※,※,※,※,※,※,※,※
遊び体験,令和7年度,1年前,2026-02-14,土,※,※,※,※,※,※,※,※,※
遊び体験,令和7年度,1年前,2026-02-15,,,※,※,,※,※,,※,※
遊び体験,令和7年度,1年前,2026-02-16,月,※,,,※,,,※,,
遊び体験,令和7年度,1年前,2026-02-17,,,※,※,,※,※,,※,※
遊び体験,令和7年度,1年前,2026-02-18,,,※,※,,※,※,,※,※
遊び体験,令和7年度,1年前,2026-02-19,木,※,,,※,,,※,,
遊び体験,令和7年度,1年前,2026-02-20,金,※,,,※,,,※,,
遊び体験,令和7年度,1年前,2026-02-21,土,※,,,※,,,※,,
遊び体験,令和7年度,1年前,2026-02-22,日,※,※,※,※,※,※,※,※,※
遊び体験,令和7年度,1年前,2026-02-23,月,※,※,※,※,※,※,※,※,※
遊び体験,令和7年度,1年前,2026-02-24,,,※,※,,※,※,,※,※
遊び体験,令和7年度,1年前,2026-02-25,水,※,※,※,※,※,※,※,※,※
遊び体験,令和7年度,1年前,2026-02-26,木,※,※,※,※,※,※,※,※,※
遊び体験,令和7年度,1年前,2026-02-27,金,※,※,※,※,※,※,※,※,※
遊び体験,令和7年度,1年前,2026-02-28,土,※,※,※,※,※,※,※,※,※
遊び体験,令和7年度,1年前,2026-03-01,,,※,※,,※,※,,※,※
遊び体験,令和7年度,1年前,2026-03-02,,,※,※,,※,※,,※,※
遊び体験,令和7年度,1年前,2026-03-03,,,,,,,,,,
遊び体験,令和7年度,1年前,2026-03-04,,,,,,,,,,
遊び体験,令和7年度,1年前,2026-03-05,木,※,,,※,,,※,,
遊び体験,令和7年度,1年前,2026-03-06,金,※,※,※,※,※,※,※,※,※
遊び体験,令和7年度,1年前,2026-03-07,,,※,※,,※,※,,※,※
遊び体験,令和7年度,1年前,2026-03-08,日,※,※,※,※,※,※,※,※,※
遊び体験,令和7年度,1年前,2026-03-09,,,※,※,,※,※,,※,※
遊び体験,令和7年度,1年前,2026-03-10,,,,,,,,,,
遊び体験,令和7年度,1年前,2026-03-11,,,※,※,,※,※,,※,※
遊び体験,令和7年度,1年前,2026-03-12,,,※,※,,※,※,,※,※
遊び体験,令和7年度,1年前,2026-03-13,金,※,※,※,※,※,※,※,※,※
遊び体験,令和7年度,1年前,2026-03-14,土,※,,,※,,,※,,
遊び体験,令和7年度,1年前,2026-03-15,,,※,※,,※,※,,※,※
遊び体験,令和7年度,1年前,2026-03-16,,,,,,,,,,
遊び体験,令和7年度,1年前,2026-03-17,火,※,※,※,※,※,※,※,※,※
遊び体験,令和7年度,1年前,2026-03-18,,,,,,,,,,
遊び体験,令和7年度,1年前,2026-03-19,木,※,※,※,※,※,※,※,※,※
遊び体験,令和7年度,1年前,2026-03-20,金,※,※,※,※,※,※,※,※,※
遊び体験,令和7年度,1年前,2026-03-21,,,※,※,,※,※,,※,※
遊び体験,令和7年度,1年前,2026-03-22,,,※,※,,※,※,,※,※
遊び体験,令和7年度,1年前,2026-03-23,月,※,,,※,,,※,,
遊び体験,令和7年度,1年前,2026-03-24,,,,,,,,,,
遊び体験,令和7年度,1年前,2026-03-25,,,※,※,,※,※,,※,※
遊び体験,令和7年度,1年前,2026-03-26,,,※,※,,※,※,,※,※
遊び体験,令和7年度,1年前,2026-03-27,金,※,※,※,※,※,※,※,※,※
遊び体験,令和7年度,1年前,2026-03-28,土,※,,,※,,,※,,
遊び体験,令和7年度,1年前,2026-03-29,日,※,,,※,,,※,,
遊び体験,令和7年度,1年前,2026-03-30,月,※,※,※,※,※,※,※,※,※
遊び体験,令和7年度,1年前,2026-03-31,,,,,,,,,,